Feature1,Feature2,Correlation
Age,Age,1.0
Sex,Age,-0.1
ChestPain,Age,0.1
RestBP,Age,0.28
Chol,Age,0.21
FastingBS,Age,0.12
RestECG,Age,0.15
MaxHR,Age,-0.39
ExAng,Age,0.09
STDep,Age,0.2
STSlope,Age,0.16
CA,Age,0.37
Thal,Age,0.12
HeartDisease,Age,0.22
Age,Sex,-0.1
Sex,Sex,1.0
ChestPain,Sex,0.01
RestBP,Sex,-0.06
Chol,Sex,-0.2
FastingBS,Sex,0.05
RestECG,Sex,0.02
MaxHR,Sex,-0.05
ExAng,Sex,0.15
STDep,Sex,0.1
STSlope,Sex,0.04
CA,Sex,0.09
Thal,Sex,0.37
HeartDisease,Sex,0.28
Age,ChestPain,0.1
Sex,ChestPain,0.01
ChestPain,ChestPain,1.0
RestBP,ChestPain,-0.04
Chol,ChestPain,0.07
FastingBS,ChestPain,-0.04
RestECG,ChestPain,0.07
MaxHR,ChestPain,-0.33
ExAng,ChestPain,0.38
STDep,ChestPain,0.2
STSlope,ChestPain,0.15
CA,ChestPain,0.23
Thal,ChestPain,0.26
HeartDisease,ChestPain,0.41
Age,RestBP,0.28
Sex,RestBP,-0.06
ChestPain,RestBP,-0.04
RestBP,RestBP,1.0
Chol,RestBP,0.13
FastingBS,RestBP,0.18
RestECG,RestBP,0.15
MaxHR,RestBP,-0.05
ExAng,RestBP,0.06
STDep,RestBP,0.19
STSlope,RestBP,0.12
CA,RestBP,0.1
Thal,RestBP,0.13
HeartDisease,RestBP,0.15
Age,Chol,0.21
Sex,Chol,-0.2
ChestPain,Chol,0.07
RestBP,Chol,0.13
Chol,Chol,1.0
FastingBS,Chol,0.01
RestECG,Chol,0.17
MaxHR,Chol,-0.0
ExAng,Chol,0.06
STDep,Chol,0.05
STSlope,Chol,-0.0
CA,Chol,0.12
Thal,Chol,0.03
HeartDisease,Chol,0.09
Age,FastingBS,0.12
Sex,FastingBS,0.05
ChestPain,FastingBS,-0.04
RestBP,FastingBS,0.18
Chol,FastingBS,0.01
FastingBS,FastingBS,1.0
RestECG,FastingBS,0.07
MaxHR,FastingBS,-0.01
ExAng,FastingBS,0.03
STDep,FastingBS,0.01
STSlope,FastingBS,0.06
CA,FastingBS,0.14
Thal,FastingBS,0.05
HeartDisease,FastingBS,0.03
Age,RestECG,0.15
Sex,RestECG,0.02
ChestPain,RestECG,0.07
RestBP,RestECG,0.15
Chol,RestECG,0.17
FastingBS,RestECG,0.07
RestECG,RestECG,1.0
MaxHR,RestECG,-0.08
ExAng,RestECG,0.08
STDep,RestECG,0.11
STSlope,RestECG,0.13
CA,RestECG,0.13
Thal,RestECG,0.02
HeartDisease,RestECG,0.17
Age,MaxHR,-0.39
Sex,MaxHR,-0.05
ChestPain,MaxHR,-0.33
RestBP,MaxHR,-0.05
Chol,MaxHR,-0.0
FastingBS,MaxHR,-0.01
RestECG,MaxHR,-0.08
MaxHR,MaxHR,1.0
ExAng,MaxHR,-0.38
STDep,MaxHR,-0.34
STSlope,MaxHR,-0.39
CA,MaxHR,-0.27
Thal,MaxHR,-0.26
HeartDisease,MaxHR,-0.42
Age,ExAng,0.09
Sex,ExAng,0.15
ChestPain,ExAng,0.38
RestBP,ExAng,0.06
Chol,ExAng,0.06
FastingBS,ExAng,0.03
RestECG,ExAng,0.08
MaxHR,ExAng,-0.38
ExAng,ExAng,1.0
STDep,ExAng,0.29
STSlope,ExAng,0.26
CA,ExAng,0.15
Thal,ExAng,0.32
HeartDisease,ExAng,0.43
Age,STDep,0.2
Sex,STDep,0.1
ChestPain,STDep,0.2
RestBP,STDep,0.19
Chol,STDep,0.05
FastingBS,STDep,0.01
RestECG,STDep,0.11
MaxHR,STDep,-0.34
ExAng,STDep,0.29
STDep,STDep,1.0
STSlope,STDep,0.58
CA,STDep,0.3
Thal,STDep,0.33
HeartDisease,STDep,0.42
Age,STSlope,0.16
Sex,STSlope,0.04
ChestPain,STSlope,0.15
RestBP,STSlope,0.12
Chol,STSlope,-0.0
FastingBS,STSlope,0.06
RestECG,STSlope,0.13
MaxHR,STSlope,-0.39
ExAng,STSlope,0.26
STDep,STSlope,0.58
STSlope,STSlope,1.0
CA,STSlope,0.11
Thal,STSlope,0.27
HeartDisease,STSlope,0.34
Age,CA,0.37
Sex,CA,0.09
ChestPain,CA,0.23
RestBP,CA,0.1
Chol,CA,0.12
FastingBS,CA,0.14
RestECG,CA,0.13
MaxHR,CA,-0.27
ExAng,CA,0.15
STDep,CA,0.3
STSlope,CA,0.11
CA,CA,1.0
Thal,CA,0.25
HeartDisease,CA,0.46
Age,Thal,0.12
Sex,Thal,0.37
ChestPain,Thal,0.26
RestBP,Thal,0.13
Chol,Thal,0.03
FastingBS,Thal,0.05
RestECG,Thal,0.02
MaxHR,Thal,-0.26
ExAng,Thal,0.32
STDep,Thal,0.33
STSlope,Thal,0.27
CA,Thal,0.25
Thal,Thal,1.0
HeartDisease,Thal,0.52
Age,HeartDisease,0.22
Sex,HeartDisease,0.28
ChestPain,HeartDisease,0.41
RestBP,HeartDisease,0.15
Chol,HeartDisease,0.09
FastingBS,HeartDisease,0.03
RestECG,HeartDisease,0.17
MaxHR,HeartDisease,-0.42
ExAng,HeartDisease,0.43
STDep,HeartDisease,0.42
STSlope,HeartDisease,0.34
CA,HeartDisease,0.46
Thal,HeartDisease,0.52
HeartDisease,HeartDisease,1.0
